{"B": [0.0, 1.0, 2.0, 3.0, 4.0, 6.0], "s_surv": {"0.010": [-4.008488597978679e-06, -0.0001519591126439674, -0.0001625919868770159, 3.4622490616785596e-05, -0.0001144463385877244, 0.0008283501324441604], "0.020": [-0.0009053725963878391, -0.0011598242621726313, -0.0007132251326035343, -0.0005388869229134452, -5.70995973145951e-05, -0.00018467787000296383], "0.030": [-0.0004592756996713566, -0.000687100129081838, -0.0007375939675319883, -0.0009778963913582147, -0.0007179823711399979, -0.0006137751997405898]}, "Tr_grid": [48, 47, 46, 44, 42, 40], "s_meno_B1": [-0.0001242095721896704, -0.0007518573330336765, -0.0004418504710328512, -0.0009965646350305504, -0.0030161743702005724, -0.004904998698884323], "s_meno_B4": [0.00042714581283868495, -0.00013275572042006318, 0.00037679284206032455, 0.0004035304723555168, -0.0013849610772803634, -0.0030823768904321928], "s_meno40_mmoff": [-0.00473943090731254, -0.0044171446376101015, -0.004198729587055348, -0.003052778027819937, -0.002676729565773556, -0.0028146075308245963], "s_meno40_mmon": [-0.005203430986548777, -0.004904998698884323, -0.0035989951147563388, -0.003073038318728137, -0.0030823768904321928, -0.0019627675086840257]}